product_id,revenue,product_name
P001527,73275.12,Willow Result
P001024,65467.64,Astra Pull
P000021,62032.6,Willow Special
P000910,60784.1,Orion Group
P000136,56419.479999999996,Zenith Phone
P001925,56311.92,Willow Hospital
P000461,54411.2,Nimbus Family
P001049,54399.32,Zenith Their
P000198,54105.200000000004,Orion Face
P000555,53489.18,Acme Of
